gpcr,arr,chain,Cluster_ID,res,atom,dist
4YAY,6TKO,A,0,68,SG,1.5022527
4YAY,6TKO,R,0,237,OD2,1.5022527
4YAY,6TKO,A,1,69,N,1.7721303
4YAY,6TKO,R,1,235,N,1.7721303
4YAY,6TKO,A,2,69,O,0.51252836
4YAY,6TKO,R,2,238,N,0.51252836
4YAY,6TKO,A,3,69,OD1,1.2294825
4YAY,6TKO,R,3,235,O,1.2294825
4YAY,6TKO,A,4,69,OD1,1.4716926
4YAY,6TKO,R,4,236,N,1.4716926
4YAY,6TKO,A,5,69,OD2,1.082276
4YAY,6TKO,R,5,235,O,1.082276
4YAY,6TKO,A,6,70,N,1.7985566
4YAY,6TKO,R,6,238,N,1.7985566
4YAY,6TKO,A,7,70,O,1.9662249
4YAY,6TKO,R,7,237,O,1.9662249
4YAY,6TKO,A,8,70,O,1.539949
4YAY,6TKO,R,8,241,N,1.539949
4YAY,6TKO,A,9,71,N,0.9567853
4YAY,6TKO,R,9,239,N,0.9567853
4YAY,6TKO,A,10,71,N,1.9443915
4YAY,6TKO,R,10,240,N,1.9443915
4YAY,6TKO,A,11,71,O,1.9313226
4YAY,6TKO,R,11,236,O,1.9313226
4YAY,6TKO,A,12,72,N,0.36753693
4YAY,6TKO,R,12,236,O,0.36753693
4YAY,6TKO,A,13,72,N,1.9269888
4YAY,6TKO,R,13,237,N,1.9269888
4YAY,6TKO,A,14,72,O,1.9502263
4YAY,6TKO,R,14,236,OD1,1.9502263
4YAY,6TKO,A,15,72,O,1.2160888
4YAY,6TKO,R,15,236,OD2,1.2160888
4YAY,6TKO,A,16,73,O,1.9279886
4YAY,6TKO,R,16,236,N,1.9279886
4YAY,6TKO,A,17,285,NE,1.1150671
4YAY,6TKO,R,17,137,O,1.1150671
4YAY,6TKO,A,18,285,NH1,1.2036924
4YAY,6TKO,R,18,137,O,1.2036924
4YAY,6TKO,A,19,285,NH2,1.5586509
4YAY,6TKO,R,19,138,O,1.5586509
4YAY,6U1N,A,0,70,N,1.5065943
4YAY,6U1N,R,0,126,NH1,1.5065943
4YAY,6U1N,A,1,70,O,1.738904
4YAY,6U1N,R,1,235,O,1.738904
4YAY,6U1N,A,2,70,O,1.1233157
4YAY,6U1N,R,2,236,N,1.1233157
4YAY,6U1N,A,3,71,N,1.057884
4YAY,6U1N,R,3,235,O,1.057884
4YAY,6UP7,A,0,67,O,1.7285475
4YAY,6UP7,R,0,235,N,1.7285475
4YAY,6UP7,A,1,68,O,1.8268499
4YAY,6UP7,R,1,236,N,1.8268499
4YAY,6UP7,A,2,69,N,1.8611648
4YAY,6UP7,R,2,235,N,1.8611648
4YAY,6UP7,A,3,70,O,1.8409345
4YAY,6UP7,R,3,237,N,1.8409345
4YAY,6UP7,A,4,71,N,1.2945195
4YAY,6UP7,R,4,236,OD1,1.2945195
4YAY,6UP7,A,5,71,O,1.5192817
4YAY,6UP7,R,5,236,OD2,1.5192817
4YAY,6UP7,A,6,246,O,1.9330822
4YAY,6UP7,R,6,136,O,1.9330822
4YAY,6PWC,A,0,67,O,1.8064749
4YAY,6PWC,R,0,235,N,1.8064749
4YAY,6PWC,A,1,71,O,1.1394293
4YAY,6PWC,R,1,236,OD1,1.1394293
4ZUD,6TKO,A,0,68,SG,1.233353
4ZUD,6TKO,R,0,237,OD1,1.233353
4ZUD,6TKO,A,1,68,SG,1.486758
4ZUD,6TKO,R,1,237,OD2,1.486758
4ZUD,6TKO,A,2,69,O,1.7724482
4ZUD,6TKO,R,2,237,O,1.7724482
4ZUD,6TKO,A,3,69,O,0.85314447
4ZUD,6TKO,R,3,238,N,0.85314447
4ZUD,6TKO,A,4,69,OD1,1.8046232
4ZUD,6TKO,R,4,235,O,1.8046232
4ZUD,6TKO,A,5,69,OD2,1.7406671
4ZUD,6TKO,R,5,235,O,1.7406671
4ZUD,6TKO,A,6,70,N,1.7973223
4ZUD,6TKO,R,6,238,N,1.7973223
4ZUD,6TKO,A,7,70,O,1.5743494
4ZUD,6TKO,R,7,241,N,1.5743494
4ZUD,6TKO,A,8,71,N,1.01512
4ZUD,6TKO,R,8,239,N,1.01512
4ZUD,6TKO,A,9,71,N,1.962863
4ZUD,6TKO,R,9,240,N,1.962863
4ZUD,6TKO,A,10,72,N,0.73466164
4ZUD,6TKO,R,10,236,O,0.73466164
4ZUD,6TKO,A,11,73,N,1.998428
4ZUD,6TKO,R,11,236,N,1.998428
4ZUD,6TKO,A,12,73,O,1.1693267
4ZUD,6TKO,R,12,236,N,1.1693267
4ZUD,6U1N,A,0,70,N,1.1218219
4ZUD,6U1N,R,0,126,NH1,1.1218219
4ZUD,6U1N,A,1,70,O,1.5833257
4ZUD,6U1N,R,1,235,O,1.5833257
4ZUD,6U1N,A,2,70,O,1.4451177
4ZUD,6U1N,R,2,236,N,1.4451177
4ZUD,6U1N,A,3,71,N,1.2446676
4ZUD,6U1N,R,3,235,O,1.2446676
4ZUD,6U1N,A,4,72,N,1.5429343
4ZUD,6U1N,R,4,236,O,1.5429343
4ZUD,6UP7,A,0,68,O,1.4557165
4ZUD,6UP7,R,0,235,N,1.4557165
4ZUD,6UP7,A,1,68,O,1.9650375
4ZUD,6UP7,R,1,236,N,1.9650375
4ZUD,6UP7,A,2,69,O,1.602543
4ZUD,6UP7,R,2,237,OD1,1.602543
4ZUD,6UP7,A,3,70,N,1.5869815
4ZUD,6UP7,R,3,237,OD1,1.5869815
4ZUD,6UP7,A,4,70,O,1.489413
4ZUD,6UP7,R,4,237,N,1.489413
4ZUD,6UP7,A,5,71,N,1.6822886
4ZUD,6UP7,R,5,236,N,1.6822886
4ZUD,6UP7,A,6,71,N,1.4675357
4ZUD,6UP7,R,6,237,N,1.4675357
4ZUD,6PWC,A,0,71,N,0.9106102
4ZUD,6PWC,R,0,237,OD1,0.9106102
4ZUD,6PWC,A,1,71,O,1.8217007
4ZUD,6PWC,R,1,236,N,1.8217007
6DO1,6TKO,A,0,65,NE,1.7430348
6DO1,6TKO,R,0,137,NE,1.7430348
6DO1,6TKO,A,1,65,NH1,1.131538
6DO1,6TKO,R,1,137,NH1,1.131538
6DO1,6UP7,A,0,65,NH1,1.1394186
6DO1,6UP7,R,0,137,NH2,1.1394186
6DO1,6UP7,A,1,65,NH2,1.5226016
6DO1,6UP7,R,1,137,NH2,1.5226016
6OS0,6TKO,A,0,65,NH1,1.3897024
6OS0,6TKO,R,0,137,NH2,1.3897024
6OS0,6TKO,A,1,69,O,1.7928337
6OS0,6TKO,R,1,1305,O,1.7928337
6OS0,6U1N,A,0,70,N,1.1667461
6OS0,6U1N,R,0,126,NH2,1.1667461
6OS0,6UP7,A,0,65,NH1,0.66515267
6OS0,6UP7,R,0,137,NH1,0.66515267
6OS0,6UP7,A,1,65,NH2,1.9918071
6OS0,6UP7,R,1,137,NH1,1.9918071
6OS1,6TKO,A,0,65,NH1,1.3993447
6OS1,6TKO,R,0,137,NH2,1.3993447
6OS1,6U1N,A,0,70,N,1.634734
6OS1,6U1N,R,0,126,NH1,1.634734
6OS1,6UP7,A,0,65,NH1,0.8481249
6OS1,6UP7,R,0,137,NH1,0.8481249
6OS2,6TKO,A,0,65,NH1,1.3217616
6OS2,6TKO,R,0,137,NH2,1.3217616
6OS2,6U1N,A,0,70,N,1.8520423
6OS2,6U1N,R,0,126,NH1,1.8520423
6OS2,6UP7,A,0,65,NH1,0.7198857
6OS2,6UP7,R,0,137,NH1,0.7198857
6OS2,6PWC,A,0,70,O,0.9475359
6OS2,6PWC,R,0,1307,NZ,0.9475359
