gpcr,arr,Cluster_ID,Area,Contacts_count,Contacts/Residue,Area/Residue 
6TKO,6TKO,5,467.9,10,2.0,46.8
6TKO,6TKO,12,1087.5,24,2.4,45.3
6PWC,6PWC,7,57.0,2,1.0,28.5
6U1N,6U1N,2,2330.2,74,2.7,31.5
6UP7,6UP7,4,294.8,7,1.8,42.1
4YAY,6TKO,2,1899.8,37,2.6,51.3
4YAY,6TKO,3,1047.0,9,1.8,116.3
4YAY,6U1N,2,677.1,9,1.8,75.2
4YAY,6UP7,6,678.4,9,1.8,75.4
4YAY,6UP7,7,1575.3,38,2.7,41.5
4ZUD,6TKO,4,2000.4,34,2.6,58.8
4ZUD,6TKO,5,995.3,9,1.8,110.6
4ZUD,6U1N,2,846.2,15,2.1,56.4
4ZUD,6UP7,6,896.5,15,2.1,59.8
4ZUD,6UP7,9,1760.0,37,2.8,47.6
6DO1,6TKO,2,2423.7,52,2.7,46.6
6DO1,6U1N,2,328.0,8,2.0,41.0
6DO1,6U1N,5,887.8,18,2.6,49.3
6DO1,6UP7,8,1472.3,32,2.9,46.0
6OS0,6TKO,2,3817.8,90,2.9,42.4
6OS0,6U1N,2,435.1,9,2.3,48.3
6OS0,6U1N,3,943.9,18,2.6,52.4
6OS0,6UP7,6,1478.7,34,3.1,43.5
6OS1,6TKO,2,4215.6,99,2.8,42.6
6OS1,6U1N,4,1442.1,28,2.5,51.5
6OS1,6UP7,8,1684.4,33,3.0,51.0
6OS2,6TKO,2,4276.3,95,2.7,45.0
6OS2,6U1N,4,1470.1,29,2.6,50.7
6OS2,6UP7,6,1705.9,33,3.0,51.7
