chain,Cluster_ID,res,atom,dist,gpcr,arr
A,0,63,O,2.8722444,6TKO,6TKO
R,0,150,NE2,2.8722444,6TKO,6TKO
A,1,65,NE,2.6947403,6TKO,6TKO
R,1,150,OE1,2.6947403,6TKO,6TKO
A,2,66,OE2,3.4058986,6TKO,6TKO
R,2,74,OG1,3.4058986,6TKO,6TKO
A,3,66,OE2,3.486514,6TKO,6TKO
R,3,76,N,3.486514,6TKO,6TKO
A,4,66,OE2,2.7215598,6TKO,6TKO
R,4,76,OG1,2.7215598,6TKO,6TKO
A,5,67,OD1,3.4428258,6TKO,6TKO
R,5,71,NH2,3.4428258,6TKO,6TKO
A,6,67,OD2,2.7328765,6TKO,6TKO
R,6,71,NH2,2.7328765,6TKO,6TKO
A,7,69,OD2,3.0121882,6TKO,6TKO
R,7,139,NH2,3.0121882,6TKO,6TKO
A,8,77,NZ,2.7542613,6TKO,6TKO
R,8,237,O,2.7542613,6TKO,6TKO
A,9,134,O,2.7616165,6TKO,6TKO
R,9,155,NE,2.7616165,6TKO,6TKO
A,10,134,O,3.5080912,6TKO,6TKO
R,10,155,NH2,3.5080912,6TKO,6TKO
A,11,136,OG1,3.4072518,6TKO,6TKO
R,11,73,O,3.4072518,6TKO,6TKO
A,12,136,OG1,3.378209,6TKO,6TKO
R,12,155,NH2,3.378209,6TKO,6TKO
A,13,285,NE,2.9561508,6TKO,6TKO
R,13,154,OG1,2.9561508,6TKO,6TKO
A,14,285,NH1,2.5525725,6TKO,6TKO
R,14,150,O,2.5525725,6TKO,6TKO
A,0,249,OH,3.3354962,6U1N,6U1N
R,0,130,N,3.3354962,6U1N,6U1N
A,0,65,NH2,3.0920866,6UP7,6UP7
R,0,98,NE2,3.0920866,6UP7,6UP7
A,1,65,NH2,3.038953,6UP7,6UP7
R,1,98,OE1,3.038953,6UP7,6UP7
A,2,71,O,3.1458702,6UP7,6UP7
R,2,297,O,3.1458702,6UP7,6UP7
A,3,71,O,3.417974,6UP7,6UP7
R,3,298,N,3.417974,6UP7,6UP7
A,4,76,O,3.1164637,6UP7,6UP7
R,4,287,N,3.1164637,6UP7,6UP7
A,5,285,O,2.863107,6UP7,6UP7
R,5,95,O,2.863107,6UP7,6UP7
A,6,285,NH1,3.1416376,6UP7,6UP7
R,6,370,ND2,3.1416376,6UP7,6UP7
A,0,66,OE2,2.2914958,4YAY,6TKO
R,0,61,OG1,2.2914958,4YAY,6TKO
A,1,68,N,2.907789,4YAY,6TKO
R,1,235,N,2.907789,4YAY,6TKO
A,2,68,O,2.5250044,4YAY,6TKO
R,2,235,N,2.5250044,4YAY,6TKO
A,3,68,SG,3.0112598,4YAY,6TKO
R,3,236,OD1,3.0112598,4YAY,6TKO
A,4,68,SG,2.6362336,4YAY,6TKO
R,4,237,N,2.6362336,4YAY,6TKO
A,5,68,SG,2.9707587,4YAY,6TKO
R,5,237,OD1,2.9707587,4YAY,6TKO
A,6,69,N,3.406578,4YAY,6TKO
R,6,235,O,3.406578,4YAY,6TKO
A,7,69,N,2.967879,4YAY,6TKO
R,7,236,N,2.967879,4YAY,6TKO
A,8,69,N,3.0858974,4YAY,6TKO
R,8,237,N,3.0858974,4YAY,6TKO
A,9,69,N,2.7627056,4YAY,6TKO
R,9,238,N,2.7627056,4YAY,6TKO
A,10,69,O,3.4638717,4YAY,6TKO
R,10,236,O,3.4638717,4YAY,6TKO
A,11,69,O,2.5313017,4YAY,6TKO
R,11,237,N,2.5313017,4YAY,6TKO
A,12,69,O,3.2986503,4YAY,6TKO
R,12,239,N,3.2986503,4YAY,6TKO
A,13,69,OD1,3.1987715,4YAY,6TKO
R,13,235,N,3.1987715,4YAY,6TKO
A,14,69,OD1,2.9105542,4YAY,6TKO
R,14,236,O,2.9105542,4YAY,6TKO
A,15,69,OD1,2.7325869,4YAY,6TKO
R,15,237,N,2.7325869,4YAY,6TKO
A,16,69,OD1,3.0912094,4YAY,6TKO
R,16,238,N,3.0912094,4YAY,6TKO
A,17,69,OD1,2.9885633,4YAY,6TKO
R,17,239,N,2.9885633,4YAY,6TKO
A,18,69,OD2,2.2390249,4YAY,6TKO
R,18,126,NH1,2.2390249,4YAY,6TKO
A,19,69,OD2,3.3164654,4YAY,6TKO
R,19,236,N,3.3164654,4YAY,6TKO
A,20,69,OD2,2.684095,4YAY,6TKO
R,20,239,N,2.684095,4YAY,6TKO
A,21,70,N,3.2714953,4YAY,6TKO
R,21,237,O,3.2714953,4YAY,6TKO
A,22,70,N,2.3253338,4YAY,6TKO
R,22,238,O,2.3253338,4YAY,6TKO
A,23,70,N,2.3998947,4YAY,6TKO
R,23,239,N,2.3998947,4YAY,6TKO
A,24,70,O,3.3842394,4YAY,6TKO
R,24,238,N,3.3842394,4YAY,6TKO
A,25,70,O,2.4158788,4YAY,6TKO
R,25,238,O,2.4158788,4YAY,6TKO
A,26,70,O,3.0961857,4YAY,6TKO
R,26,239,N,3.0961857,4YAY,6TKO
A,27,70,O,3.460113,4YAY,6TKO
R,27,240,O,3.460113,4YAY,6TKO
A,28,71,N,2.7080667,4YAY,6TKO
R,28,236,O,2.7080667,4YAY,6TKO
A,29,71,N,3.0729105,4YAY,6TKO
R,29,237,O,3.0729105,4YAY,6TKO
A,30,71,N,2.8648455,4YAY,6TKO
R,30,238,N,2.8648455,4YAY,6TKO
A,31,71,N,3.0513854,4YAY,6TKO
R,31,239,O,3.0513854,4YAY,6TKO
A,32,71,N,3.4880202,4YAY,6TKO
R,32,241,N,3.4880202,4YAY,6TKO
A,33,71,O,2.5302765,4YAY,6TKO
R,33,240,N,2.5302765,4YAY,6TKO
A,34,72,N,3.29441,4YAY,6TKO
R,34,236,N,3.29441,4YAY,6TKO
A,35,72,N,3.2738392,4YAY,6TKO
R,35,237,O,3.2738392,4YAY,6TKO
A,36,72,N,3.1219597,4YAY,6TKO
R,36,238,N,3.1219597,4YAY,6TKO
A,37,72,N,3.1161363,4YAY,6TKO
R,37,239,N,3.1161363,4YAY,6TKO
A,38,72,N,3.03058,4YAY,6TKO
R,38,240,N,3.03058,4YAY,6TKO
A,39,72,O,3.1544611,4YAY,6TKO
R,39,237,N,3.1544611,4YAY,6TKO
A,40,73,N,2.395284,4YAY,6TKO
R,40,236,N,2.395284,4YAY,6TKO
A,41,73,N,2.7334661,4YAY,6TKO
R,41,236,O,2.7334661,4YAY,6TKO
A,42,73,N,3.0549674,4YAY,6TKO
R,42,236,OD1,3.0549674,4YAY,6TKO
A,43,73,N,3.178825,4YAY,6TKO
R,43,236,OD2,3.178825,4YAY,6TKO
A,44,73,N,3.1677408,4YAY,6TKO
R,44,237,N,3.1677408,4YAY,6TKO
A,45,73,O,2.7571769,4YAY,6TKO
R,45,236,OD1,2.7571769,4YAY,6TKO
A,46,74,N,3.2820606,4YAY,6TKO
R,46,236,OD1,3.2820606,4YAY,6TKO
A,47,74,N,3.121082,4YAY,6TKO
R,47,236,OD2,3.121082,4YAY,6TKO
A,48,130,O,2.709844,4YAY,6TKO
R,48,136,O,2.709844,4YAY,6TKO
A,49,132,N,3.2915077,4YAY,6TKO
R,49,136,O,3.2915077,4YAY,6TKO
A,50,132,N,2.7431927,4YAY,6TKO
R,50,138,N,2.7431927,4YAY,6TKO
A,51,133,N,3.3845837,4YAY,6TKO
R,51,139,N,3.3845837,4YAY,6TKO
A,52,134,N,3.2522187,4YAY,6TKO
R,52,139,N,3.2522187,4YAY,6TKO
A,53,135,O,2.6935802,4YAY,6TKO
R,53,60,NZ,2.6935802,4YAY,6TKO
A,54,135,OD1,2.9410176,4YAY,6TKO
R,54,138,N,2.9410176,4YAY,6TKO
A,55,135,OD1,3.125114,4YAY,6TKO
R,55,138,O,3.125114,4YAY,6TKO
A,56,135,OD1,3.0434287,4YAY,6TKO
R,56,141,OG1,3.0434287,4YAY,6TKO
A,57,135,OD2,2.845018,4YAY,6TKO
R,57,136,O,2.845018,4YAY,6TKO
A,58,136,N,2.5815716,4YAY,6TKO
R,58,60,O,2.5815716,4YAY,6TKO
A,59,136,O,2.9955254,4YAY,6TKO
R,59,60,O,2.9955254,4YAY,6TKO
A,60,136,OG1,2.6576424,4YAY,6TKO
R,60,60,NZ,2.6576424,4YAY,6TKO
A,61,249,OH,3.056492,4YAY,6TKO
R,61,133,O,3.056492,4YAY,6TKO
A,62,283,N,3.3260012,4YAY,6TKO
R,62,139,NH2,3.3260012,4YAY,6TKO
A,63,285,NE,2.928502,4YAY,6TKO
R,63,138,N,2.928502,4YAY,6TKO
A,64,285,NE,3.2977948,4YAY,6TKO
R,64,138,O,3.2977948,4YAY,6TKO
A,65,285,NE,2.8919716,4YAY,6TKO
R,65,139,N,2.8919716,4YAY,6TKO
A,66,285,NE,2.7175665,4YAY,6TKO
R,66,141,N,2.7175665,4YAY,6TKO
A,67,285,NH1,2.4607785,4YAY,6TKO
R,67,137,N,2.4607785,4YAY,6TKO
A,68,285,NH1,2.8903983,4YAY,6TKO
R,68,141,OG1,2.8903983,4YAY,6TKO
A,69,285,NH2,2.2692275,4YAY,6TKO
R,69,139,N,2.2692275,4YAY,6TKO
A,70,285,NH2,3.2431648,4YAY,6TKO
R,70,140,N,3.2431648,4YAY,6TKO
A,71,285,NH2,3.024073,4YAY,6TKO
R,71,141,N,3.024073,4YAY,6TKO
A,72,285,NH2,2.4902225,4YAY,6TKO
R,72,141,OG1,2.4902225,4YAY,6TKO
A,73,286,N,3.2715356,4YAY,6TKO
R,73,135,O,3.2715356,4YAY,6TKO
A,74,286,N,3.3676832,4YAY,6TKO
R,74,137,N,3.3676832,4YAY,6TKO
A,0,68,O,2.473157,4YAY,6U1N
R,0,235,N,2.473157,4YAY,6U1N
A,1,69,O,2.5908725,4YAY,6U1N
R,1,126,NH1,2.5908725,4YAY,6U1N
A,2,69,O,3.1581242,4YAY,6U1N
R,2,235,N,3.1581242,4YAY,6U1N
A,3,69,O,2.2608054,4YAY,6U1N
R,3,235,O,2.2608054,4YAY,6U1N
A,4,70,N,3.0126462,4YAY,6U1N
R,4,126,NH2,3.0126462,4YAY,6U1N
A,5,70,N,3.4314506,4YAY,6U1N
R,5,235,N,3.4314506,4YAY,6U1N
A,6,70,N,2.5314496,4YAY,6U1N
R,6,235,O,2.5314496,4YAY,6U1N
A,7,70,O,2.8482032,4YAY,6U1N
R,7,235,N,2.8482032,4YAY,6U1N
A,8,71,N,3.4219058,4YAY,6U1N
R,8,126,NH1,3.4219058,4YAY,6U1N
A,9,71,N,2.5264397,4YAY,6U1N
R,9,236,N,2.5264397,4YAY,6U1N
A,10,71,N,3.0731575,4YAY,6U1N
R,10,236,O,3.0731575,4YAY,6U1N
A,11,71,N,2.4947708,4YAY,6U1N
R,11,239,N,2.4947708,4YAY,6U1N
A,12,71,O,3.4774632,4YAY,6U1N
R,12,236,N,3.4774632,4YAY,6U1N
A,13,71,O,2.8147705,4YAY,6U1N
R,13,236,O,2.8147705,4YAY,6U1N
A,14,72,N,2.6602805,4YAY,6U1N
R,14,236,N,2.6602805,4YAY,6U1N
A,15,72,N,2.8831124,4YAY,6U1N
R,15,236,OD1,2.8831124,4YAY,6U1N
A,16,72,N,2.9956362,4YAY,6U1N
R,16,236,OD2,2.9956362,4YAY,6U1N
A,17,72,N,2.5564034,4YAY,6U1N
R,17,237,N,2.5564034,4YAY,6U1N
A,18,249,OH,2.4156108,4YAY,6U1N
R,18,133,O,2.4156108,4YAY,6U1N
A,19,285,NE,3.4984512,4YAY,6U1N
R,19,136,O,3.4984512,4YAY,6U1N
A,20,285,NH1,3.0193992,4YAY,6U1N
R,20,136,O,3.0193992,4YAY,6U1N
A,0,67,O,3.428456,4YAY,6UP7
R,0,235,O,3.428456,4YAY,6UP7
A,1,68,O,2.5827172,4YAY,6UP7
R,1,235,N,2.5827172,4YAY,6UP7
A,2,68,O,2.9407618,4YAY,6UP7
R,2,236,OD1,2.9407618,4YAY,6UP7
A,3,69,O,3.4815645,4YAY,6UP7
R,3,236,OD2,3.4815645,4YAY,6UP7
A,4,69,O,3.1655612,4YAY,6UP7
R,4,237,OD2,3.1655612,4YAY,6UP7
A,5,70,N,2.7266543,4YAY,6UP7
R,5,235,N,2.7266543,4YAY,6UP7
A,6,70,N,3.0123272,4YAY,6UP7
R,6,236,N,3.0123272,4YAY,6UP7
A,7,70,N,2.2366247,4YAY,6UP7
R,7,236,OD1,2.2366247,4YAY,6UP7
A,8,70,N,2.8576412,4YAY,6UP7
R,8,237,N,2.8576412,4YAY,6UP7
A,9,70,N,3.1105669,4YAY,6UP7
R,9,237,OD2,3.1105669,4YAY,6UP7
A,10,70,O,2.8938973,4YAY,6UP7
R,10,236,O,2.8938973,4YAY,6UP7
A,11,70,O,2.676302,4YAY,6UP7
R,11,236,OD1,2.676302,4YAY,6UP7
A,12,70,O,3.0476682,4YAY,6UP7
R,12,236,OD2,3.0476682,4YAY,6UP7
A,13,70,O,2.9336708,4YAY,6UP7
R,13,237,OD1,2.9336708,4YAY,6UP7
A,14,70,O,3.3490877,4YAY,6UP7
R,14,237,OD2,3.3490877,4YAY,6UP7
A,15,71,N,3.2311354,4YAY,6UP7
R,15,236,O,3.2311354,4YAY,6UP7
A,16,71,N,2.483356,4YAY,6UP7
R,16,236,OD2,2.483356,4YAY,6UP7
A,17,71,N,2.1834986,4YAY,6UP7
R,17,237,N,2.1834986,4YAY,6UP7
A,18,72,N,2.735333,4YAY,6UP7
R,18,236,OD1,2.735333,4YAY,6UP7
A,19,72,O,3.4839466,4YAY,6UP7
R,19,236,OD1,3.4839466,4YAY,6UP7
A,20,133,O,3.1275399,4YAY,6UP7
R,20,311,NE,3.1275399,4YAY,6UP7
A,21,134,N,3.0127385,4YAY,6UP7
R,21,311,NE,3.0127385,4YAY,6UP7
A,22,134,N,3.0212827,4YAY,6UP7
R,22,311,NH1,3.0212827,4YAY,6UP7
A,23,135,N,3.398011,4YAY,6UP7
R,23,311,NH1,3.398011,4YAY,6UP7
A,24,245,N,3.4787688,4YAY,6UP7
R,24,134,O,3.4787688,4YAY,6UP7
A,25,246,N,2.304281,4YAY,6UP7
R,25,136,N,2.304281,4YAY,6UP7
A,26,246,N,2.5436828,4YAY,6UP7
R,26,136,O,2.5436828,4YAY,6UP7
A,27,247,N,3.008477,4YAY,6UP7
R,27,136,O,3.008477,4YAY,6UP7
A,28,250,N,3.0036001,4YAY,6UP7
R,28,60,NZ,3.0036001,4YAY,6UP7
A,29,250,O,3.2305152,4YAY,6UP7
R,29,60,NZ,3.2305152,4YAY,6UP7
A,0,67,N,3.412447,4YAY,6PWC
R,0,235,N,3.412447,4YAY,6PWC
A,1,67,O,3.3841627,4YAY,6PWC
R,1,236,N,3.3841627,4YAY,6PWC
A,2,67,O,3.3225954,4YAY,6PWC
R,2,236,OD1,3.3225954,4YAY,6PWC
A,3,68,N,2.5513256,4YAY,6PWC
R,3,235,N,2.5513256,4YAY,6PWC
A,4,70,N,3.2166994,4YAY,6PWC
R,4,237,OD2,3.2166994,4YAY,6PWC
A,5,70,O,2.2790449,4YAY,6PWC
R,5,237,OD2,2.2790449,4YAY,6PWC
A,6,71,N,3.4387958,4YAY,6PWC
R,6,236,OD2,3.4387958,4YAY,6PWC
A,7,71,O,2.6097543,4YAY,6PWC
R,7,236,N,2.6097543,4YAY,6PWC
A,8,72,N,2.5641499,4YAY,6PWC
R,8,236,OD1,2.5641499,4YAY,6PWC
A,9,72,N,2.8134787,4YAY,6PWC
R,9,236,OD2,2.8134787,4YAY,6PWC
A,10,244,O,3.3492074,4YAY,6PWC
R,10,136,N,3.3492074,4YAY,6PWC
A,11,244,O,3.2202764,4YAY,6PWC
R,11,136,O,3.2202764,4YAY,6PWC
A,0,66,OE2,2.2201557,4ZUD,6TKO
R,0,61,OG1,2.2201557,4ZUD,6TKO
A,1,67,O,3.4473863,4ZUD,6TKO
R,1,237,OD1,3.4473863,4ZUD,6TKO
A,2,68,N,3.4023812,4ZUD,6TKO
R,2,237,OD1,3.4023812,4ZUD,6TKO
A,3,68,SG,2.684618,4ZUD,6TKO
R,3,237,N,2.684618,4ZUD,6TKO
A,4,69,N,3.335918,4ZUD,6TKO
R,4,235,N,3.335918,4ZUD,6TKO
A,5,69,N,2.8673298,4ZUD,6TKO
R,5,237,N,2.8673298,4ZUD,6TKO
A,6,69,N,3.3100991,4ZUD,6TKO
R,6,237,OD1,3.3100991,4ZUD,6TKO
A,7,69,N,2.4723527,4ZUD,6TKO
R,7,238,N,2.4723527,4ZUD,6TKO
A,8,69,O,2.8584526,4ZUD,6TKO
R,8,237,N,2.8584526,4ZUD,6TKO
A,9,69,O,3.4018478,4ZUD,6TKO
R,9,239,N,3.4018478,4ZUD,6TKO
A,10,69,OD1,3.27925,4ZUD,6TKO
R,10,235,N,3.27925,4ZUD,6TKO
A,11,69,OD1,2.2944658,4ZUD,6TKO
R,11,236,N,2.2944658,4ZUD,6TKO
A,12,69,OD1,3.0186915,4ZUD,6TKO
R,12,236,O,3.0186915,4ZUD,6TKO
A,13,69,OD1,2.3902566,4ZUD,6TKO
R,13,237,N,2.3902566,4ZUD,6TKO
A,14,69,OD1,2.6350741,4ZUD,6TKO
R,14,238,N,2.6350741,4ZUD,6TKO
A,15,69,OD1,2.8574777,4ZUD,6TKO
R,15,239,N,2.8574777,4ZUD,6TKO
A,16,69,OD2,2.6825163,4ZUD,6TKO
R,16,126,NH1,2.6825163,4ZUD,6TKO
A,17,69,OD2,2.5437343,4ZUD,6TKO
R,17,239,N,2.5437343,4ZUD,6TKO
A,18,70,N,3.1055698,4ZUD,6TKO
R,18,237,O,3.1055698,4ZUD,6TKO
A,19,70,N,2.308164,4ZUD,6TKO
R,19,238,O,2.308164,4ZUD,6TKO
A,20,70,N,2.6131968,4ZUD,6TKO
R,20,239,N,2.6131968,4ZUD,6TKO
A,21,70,O,2.2295616,4ZUD,6TKO
R,21,237,O,2.2295616,4ZUD,6TKO
A,22,70,O,2.8012283,4ZUD,6TKO
R,22,238,O,2.8012283,4ZUD,6TKO
A,23,70,O,3.2265406,4ZUD,6TKO
R,23,239,N,3.2265406,4ZUD,6TKO
A,24,70,O,3.4932897,4ZUD,6TKO
R,24,239,O,3.4932897,4ZUD,6TKO
A,25,70,O,3.5018039,4ZUD,6TKO
R,25,240,O,3.5018039,4ZUD,6TKO
A,26,71,N,3.368523,4ZUD,6TKO
R,26,236,O,3.368523,4ZUD,6TKO
A,27,71,N,2.9369822,4ZUD,6TKO
R,27,237,O,2.9369822,4ZUD,6TKO
A,28,71,N,2.7959185,4ZUD,6TKO
R,28,238,N,2.7959185,4ZUD,6TKO
A,29,71,N,3.0388515,4ZUD,6TKO
R,29,239,O,3.0388515,4ZUD,6TKO
A,30,71,O,2.3103392,4ZUD,6TKO
R,30,240,N,2.3103392,4ZUD,6TKO
A,31,72,N,2.8965788,4ZUD,6TKO
R,31,237,O,2.8965788,4ZUD,6TKO
A,32,72,N,2.9972155,4ZUD,6TKO
R,32,238,N,2.9972155,4ZUD,6TKO
A,33,72,N,2.9978483,4ZUD,6TKO
R,33,239,N,2.9978483,4ZUD,6TKO
A,34,72,N,2.8228815,4ZUD,6TKO
R,34,240,N,2.8228815,4ZUD,6TKO
A,35,72,O,3.2850757,4ZUD,6TKO
R,35,236,N,3.2850757,4ZUD,6TKO
A,36,72,O,3.0641148,4ZUD,6TKO
R,36,236,O,3.0641148,4ZUD,6TKO
A,37,72,O,2.9125793,4ZUD,6TKO
R,37,237,N,2.9125793,4ZUD,6TKO
A,38,73,N,3.0411363,4ZUD,6TKO
R,38,235,O,3.0411363,4ZUD,6TKO
A,39,73,N,2.234389,4ZUD,6TKO
R,39,236,O,2.234389,4ZUD,6TKO
A,40,73,N,2.8100772,4ZUD,6TKO
R,40,237,N,2.8100772,4ZUD,6TKO
A,41,73,O,2.9896274,4ZUD,6TKO
R,41,235,N,2.9896274,4ZUD,6TKO
A,42,73,O,3.1471405,4ZUD,6TKO
R,42,235,O,3.1471405,4ZUD,6TKO
A,43,74,N,3.046591,4ZUD,6TKO
R,43,236,N,3.046591,4ZUD,6TKO
A,44,136,N,3.0408955,4ZUD,6TKO
R,44,60,O,3.0408955,4ZUD,6TKO
A,45,136,O,2.8630881,4ZUD,6TKO
R,45,60,O,2.8630881,4ZUD,6TKO
A,46,285,NH1,2.9044828,4ZUD,6TKO
R,46,141,N,2.9044828,4ZUD,6TKO
A,47,285,NH2,3.271648,4ZUD,6TKO
R,47,141,N,3.271648,4ZUD,6TKO
A,0,68,O,2.6157928,4ZUD,6U1N
R,0,235,N,2.6157928,4ZUD,6U1N
A,1,69,N,3.1683013,4ZUD,6U1N
R,1,126,NH1,3.1683013,4ZUD,6U1N
A,2,69,N,3.2109082,4ZUD,6U1N
R,2,126,NH2,3.2109082,4ZUD,6U1N
A,3,69,N,3.1755838,4ZUD,6U1N
R,3,235,N,3.1755838,4ZUD,6U1N
A,4,69,O,2.420917,4ZUD,6U1N
R,4,126,NH1,2.420917,4ZUD,6U1N
A,5,69,O,3.2846508,4ZUD,6U1N
R,5,235,N,3.2846508,4ZUD,6U1N
A,6,69,O,3.2658198,4ZUD,6U1N
R,6,238,N,3.2658198,4ZUD,6U1N
A,7,70,N,3.4384568,4ZUD,6U1N
R,7,126,NE,3.4384568,4ZUD,6U1N
A,8,70,N,3.1041548,4ZUD,6U1N
R,8,126,NH2,3.1041548,4ZUD,6U1N
A,9,70,N,2.2374723,4ZUD,6U1N
R,9,235,N,2.2374723,4ZUD,6U1N
A,10,70,N,3.0871134,4ZUD,6U1N
R,10,235,O,3.0871134,4ZUD,6U1N
A,11,70,O,3.2309387,4ZUD,6U1N
R,11,237,N,3.2309387,4ZUD,6U1N
A,12,71,N,2.9468534,4ZUD,6U1N
R,12,236,N,2.9468534,4ZUD,6U1N
A,13,71,N,3.3144944,4ZUD,6U1N
R,13,236,O,3.3144944,4ZUD,6U1N
A,14,71,N,3.3482096,4ZUD,6U1N
R,14,238,N,3.3482096,4ZUD,6U1N
A,15,71,N,2.2579618,4ZUD,6U1N
R,15,239,N,2.2579618,4ZUD,6U1N
A,16,71,O,2.7747517,4ZUD,6U1N
R,16,235,O,2.7747517,4ZUD,6U1N
A,17,71,O,3.0834804,4ZUD,6U1N
R,17,236,N,3.0834804,4ZUD,6U1N
A,18,71,O,2.5252948,4ZUD,6U1N
R,18,236,O,2.5252948,4ZUD,6U1N
A,19,72,N,2.4932613,4ZUD,6U1N
R,19,236,N,2.4932613,4ZUD,6U1N
A,20,72,N,2.186863,4ZUD,6U1N
R,20,237,N,2.186863,4ZUD,6U1N
A,21,73,N,2.9317565,4ZUD,6U1N
R,21,236,N,2.9317565,4ZUD,6U1N
A,22,73,O,2.9354713,4ZUD,6U1N
R,22,236,N,2.9354713,4ZUD,6U1N
A,23,249,OH,2.80108,4ZUD,6U1N
R,23,133,O,2.80108,4ZUD,6U1N
A,0,67,O,3.4757614,4ZUD,6UP7
R,0,126,NH1,3.4757614,4ZUD,6UP7
A,1,67,O,3.0485797,4ZUD,6UP7
R,1,235,N,3.0485797,4ZUD,6UP7
A,2,68,N,3.4520288,4ZUD,6UP7
R,2,126,NH1,3.4520288,4ZUD,6UP7
A,3,68,N,2.2610414,4ZUD,6UP7
R,3,235,N,2.2610414,4ZUD,6UP7
A,4,68,O,3.130229,4ZUD,6UP7
R,4,235,O,3.130229,4ZUD,6UP7
A,5,69,O,3.3913486,4ZUD,6UP7
R,5,237,OD2,3.3913486,4ZUD,6UP7
A,6,70,N,2.6783652,4ZUD,6UP7
R,6,237,N,2.6783652,4ZUD,6UP7
A,7,70,O,2.2390983,4ZUD,6UP7
R,7,236,O,2.2390983,4ZUD,6UP7
A,8,70,O,3.0139759,4ZUD,6UP7
R,8,237,OD1,3.0139759,4ZUD,6UP7
A,9,71,N,3.4289386,4ZUD,6UP7
R,9,235,O,3.4289386,4ZUD,6UP7
A,10,71,N,2.772502,4ZUD,6UP7
R,10,236,O,2.772502,4ZUD,6UP7
A,11,71,N,2.9034083,4ZUD,6UP7
R,11,237,OD1,2.9034083,4ZUD,6UP7
A,12,72,N,2.6058812,4ZUD,6UP7
R,12,236,N,2.6058812,4ZUD,6UP7
A,0,67,O,3.1024384,4ZUD,6PWC
R,0,235,N,3.1024384,4ZUD,6PWC
A,1,67,O,2.729436,4ZUD,6PWC
R,1,237,OD1,2.729436,4ZUD,6PWC
A,2,68,N,3.1693857,4ZUD,6PWC
R,2,235,N,3.1693857,4ZUD,6PWC
A,3,70,N,2.983594,4ZUD,6PWC
R,3,237,OD1,2.983594,4ZUD,6PWC
A,4,70,N,3.2744274,4ZUD,6PWC
R,4,237,OD2,3.2744274,4ZUD,6PWC
A,5,70,O,2.9552586,4ZUD,6PWC
R,5,237,OD1,2.9552586,4ZUD,6PWC
A,6,71,N,3.4220166,4ZUD,6PWC
R,6,237,N,3.4220166,4ZUD,6PWC
A,7,71,O,2.7899647,4ZUD,6PWC
R,7,237,N,2.7899647,4ZUD,6PWC
A,8,71,O,3.0172138,4ZUD,6PWC
R,8,237,OD1,3.0172138,4ZUD,6PWC
A,0,65,NE,2.3266115,6DO1,6TKO
R,0,137,NH1,2.3266115,6DO1,6TKO
A,1,65,NE,2.7085586,6DO1,6TKO
R,1,137,NH2,2.7085586,6DO1,6TKO
A,2,65,NH1,3.0021412,6DO1,6TKO
R,2,137,NE,3.0021412,6DO1,6TKO
A,3,65,NH1,2.6988955,6DO1,6TKO
R,3,137,NH2,2.6988955,6DO1,6TKO
A,4,65,NH2,3.212224,6DO1,6TKO
R,4,137,NH1,3.212224,6DO1,6TKO
A,5,66,OE1,3.4541638,6DO1,6TKO
R,5,126,NH2,3.4541638,6DO1,6TKO
A,6,66,OE2,3.2217977,6DO1,6TKO
R,6,61,OG1,3.2217977,6DO1,6TKO
A,7,68,SG,3.4760175,6DO1,6TKO
R,7,404,O,3.4760175,6DO1,6TKO
A,8,69,O,2.319235,6DO1,6TKO
R,8,404,O,2.319235,6DO1,6TKO
A,9,69,OD2,3.3679206,6DO1,6TKO
R,9,126,NE,3.3679206,6DO1,6TKO
A,10,136,N,2.766709,6DO1,6TKO
R,10,60,O,2.766709,6DO1,6TKO
A,11,136,O,2.8774912,6DO1,6TKO
R,11,60,O,2.8774912,6DO1,6TKO
A,12,136,OG1,3.2169647,6DO1,6TKO
R,12,60,O,3.2169647,6DO1,6TKO
A,13,136,OG1,3.2945583,6DO1,6TKO
R,13,60,NZ,3.2945583,6DO1,6TKO
A,14,247,O,3.1056488,6DO1,6TKO
R,14,135,NZ,3.1056488,6DO1,6TKO
A,15,248,N,3.0945473,6DO1,6TKO
R,15,135,NZ,3.0945473,6DO1,6TKO
A,16,285,NE,3.3036113,6DO1,6TKO
R,16,138,O,3.3036113,6DO1,6TKO
A,17,285,NH1,2.525236,6DO1,6TKO
R,17,137,O,2.525236,6DO1,6TKO
A,18,285,NH1,3.1181185,6DO1,6TKO
R,18,138,O,3.1181185,6DO1,6TKO
A,19,285,NH1,3.4924421,6DO1,6TKO
R,19,140,O,3.4924421,6DO1,6TKO
A,0,63,O,3.446517,6DO1,6U1N
R,0,134,SD,3.446517,6DO1,6U1N
A,1,69,N,3.0664437,6DO1,6U1N
R,1,126,NH2,3.0664437,6DO1,6U1N
A,2,69,O,3.4117863,6DO1,6U1N
R,2,126,NH2,3.4117863,6DO1,6U1N
A,3,70,N,3.4878628,6DO1,6U1N
R,3,126,NE,3.4878628,6DO1,6U1N
A,4,70,N,2.618923,6DO1,6U1N
R,4,126,NH2,2.618923,6DO1,6U1N
A,5,248,O,2.8208308,6DO1,6U1N
R,5,135,NZ,2.8208308,6DO1,6U1N
A,6,249,N,3.073197,6DO1,6U1N
R,6,135,NZ,3.073197,6DO1,6U1N
A,7,249,OH,2.9073925,6DO1,6U1N
R,7,135,N,2.9073925,6DO1,6U1N
A,0,65,NE,2.5955408,6DO1,6UP7
R,0,137,NH2,2.5955408,6DO1,6UP7
A,1,65,NH1,3.2887115,6DO1,6UP7
R,1,137,NE,3.2887115,6DO1,6UP7
A,2,65,NH1,3.0574908,6DO1,6UP7
R,2,137,NH1,3.0574908,6DO1,6UP7
A,3,65,NH1,2.6731255,6DO1,6UP7
R,3,140,NH1,2.6731255,6DO1,6UP7
A,4,65,NH1,3.364211,6DO1,6UP7
R,4,140,NH2,3.364211,6DO1,6UP7
A,5,65,NH2,2.6657417,6DO1,6UP7
R,5,137,NE,2.6657417,6DO1,6UP7
A,6,65,NH2,3.225022,6DO1,6UP7
R,6,137,NH1,3.225022,6DO1,6UP7
A,7,134,N,3.3781662,6DO1,6UP7
R,7,410,NH1,3.3781662,6DO1,6UP7
A,8,244,N,3.2033424,6DO1,6UP7
R,8,134,SD,3.2033424,6DO1,6UP7
A,9,245,N,3.0178604,6DO1,6UP7
R,9,134,SD,3.0178604,6DO1,6UP7
A,10,250,O,2.7112284,6DO1,6UP7
R,10,60,NZ,2.7112284,6DO1,6UP7
A,0,65,NE,2.4007072,6OS0,6TKO
R,0,137,NE,2.4007072,6OS0,6TKO
A,1,65,NE,2.4946473,6OS0,6TKO
R,1,137,NH2,2.4946473,6OS0,6TKO
A,2,65,NH1,3.1922495,6OS0,6TKO
R,2,137,NE,3.1922495,6OS0,6TKO
A,3,65,NH2,3.1832216,6OS0,6TKO
R,3,137,NH2,3.1832216,6OS0,6TKO
A,4,66,OE2,3.030213,6OS0,6TKO
R,4,61,OG1,3.030213,6OS0,6TKO
A,5,68,SG,3.381183,6OS0,6TKO
R,5,1305,O,3.381183,6OS0,6TKO
A,6,69,OD2,2.7191834,6OS0,6TKO
R,6,126,NE,2.7191834,6OS0,6TKO
A,7,69,OD2,2.3032446,6OS0,6TKO
R,7,126,NH2,2.3032446,6OS0,6TKO
A,8,78,OD2,3.0112038,6OS0,6TKO
R,8,1233,N,3.0112038,6OS0,6TKO
A,9,136,N,2.770478,6OS0,6TKO
R,9,60,O,2.770478,6OS0,6TKO
A,10,136,O,3.2772026,6OS0,6TKO
R,10,60,O,3.2772026,6OS0,6TKO
A,11,136,OG1,3.400326,6OS0,6TKO
R,11,60,O,3.400326,6OS0,6TKO
A,12,285,NH1,2.603895,6OS0,6TKO
R,12,137,O,2.603895,6OS0,6TKO
A,0,63,O,3.1334276,6OS0,6U1N
R,0,134,SD,3.1334276,6OS0,6U1N
A,1,69,N,3.4210587,6OS0,6U1N
R,1,126,NH2,3.4210587,6OS0,6U1N
A,2,69,O,3.3751216,6OS0,6U1N
R,2,126,NE,3.3751216,6OS0,6U1N
A,3,69,O,3.1934106,6OS0,6U1N
R,3,126,NH1,3.1934106,6OS0,6U1N
A,4,70,N,3.4560366,6OS0,6U1N
R,4,126,NE,3.4560366,6OS0,6U1N
A,5,70,N,3.1632485,6OS0,6U1N
R,5,126,NH1,3.1632485,6OS0,6U1N
A,6,71,N,3.407157,6OS0,6U1N
R,6,126,NH2,3.407157,6OS0,6U1N
A,7,76,O,3.1882865,6OS0,6U1N
R,7,1233,N,3.1882865,6OS0,6U1N
A,8,248,O,3.024493,6OS0,6U1N
R,8,135,NZ,3.024493,6OS0,6U1N
A,9,249,OH,2.766854,6OS0,6U1N
R,9,135,N,2.766854,6OS0,6U1N
A,0,65,NH1,2.763366,6OS0,6UP7
R,0,137,NE,2.763366,6OS0,6UP7
A,1,65,NH1,2.1871958,6OS0,6UP7
R,1,137,NH2,2.1871958,6OS0,6UP7
A,2,65,NH1,2.5841594,6OS0,6UP7
R,2,140,NH2,2.5841594,6OS0,6UP7
A,3,65,NH2,2.6891003,6OS0,6UP7
R,3,137,NE,2.6891003,6OS0,6UP7
A,4,65,NH2,2.5867217,6OS0,6UP7
R,4,137,NH2,2.5867217,6OS0,6UP7
A,5,67,O,3.1583257,6OS0,6UP7
R,5,126,NH2,3.1583257,6OS0,6UP7
A,6,245,N,3.0588002,6OS0,6UP7
R,6,134,SD,3.0588002,6OS0,6UP7
A,0,63,O,3.4048386,6OS1,6TKO
R,0,133,O,3.4048386,6OS1,6TKO
A,1,65,NE,2.650386,6OS1,6TKO
R,1,137,NE,2.650386,6OS1,6TKO
A,2,65,NE,3.4754276,6OS1,6TKO
R,2,137,NH1,3.4754276,6OS1,6TKO
A,3,65,NE,2.5928178,6OS1,6TKO
R,3,137,NH2,2.5928178,6OS1,6TKO
A,4,65,NH1,3.2996922,6OS1,6TKO
R,4,137,NE,3.2996922,6OS1,6TKO
A,5,65,NH1,3.4222546,6OS1,6TKO
R,5,137,NH1,3.4222546,6OS1,6TKO
A,6,65,NH2,3.4134238,6OS1,6TKO
R,6,137,NH2,3.4134238,6OS1,6TKO
A,7,66,OE2,3.1029258,6OS1,6TKO
R,7,61,OG1,3.1029258,6OS1,6TKO
A,8,68,SG,3.269511,6OS1,6TKO
R,8,1305,O,3.269511,6OS1,6TKO
A,9,69,O,2.9212108,6OS1,6TKO
R,9,1305,O,2.9212108,6OS1,6TKO
A,10,69,O,3.4231904,6OS1,6TKO
R,10,1306,N,3.4231904,6OS1,6TKO
A,11,69,OD2,2.8818758,6OS1,6TKO
R,11,126,NH1,2.8818758,6OS1,6TKO
A,12,78,OD2,3.1893783,6OS1,6TKO
R,12,1233,N,3.1893783,6OS1,6TKO
A,13,136,N,2.705389,6OS1,6TKO
R,13,60,O,2.705389,6OS1,6TKO
A,14,136,O,3.290832,6OS1,6TKO
R,14,60,O,3.290832,6OS1,6TKO
A,15,136,OG1,3.2905183,6OS1,6TKO
R,15,60,O,3.2905183,6OS1,6TKO
A,16,249,OH,3.0264516,6OS1,6TKO
R,16,135,N,3.0264516,6OS1,6TKO
A,17,249,OH,2.2693434,6OS1,6TKO
R,17,135,NZ,2.2693434,6OS1,6TKO
A,18,285,NH1,2.8801324,6OS1,6TKO
R,18,137,O,2.8801324,6OS1,6TKO
A,0,69,N,3.3569925,6OS1,6U1N
R,0,126,NH1,3.3569925,6OS1,6U1N
A,1,69,O,2.5762193,6OS1,6U1N
R,1,126,NH1,2.5762193,6OS1,6U1N
A,2,76,O,3.4698863,6OS1,6U1N
R,2,1233,N,3.4698863,6OS1,6U1N
A,3,249,OH,2.8030934,6OS1,6U1N
R,3,135,NZ,2.8030934,6OS1,6U1N
A,0,65,NE,2.5423455,6OS1,6UP7
R,0,137,NH1,2.5423455,6OS1,6UP7
A,1,65,NH1,3.085485,6OS1,6UP7
R,1,137,NE,3.085485,6OS1,6UP7
A,2,65,NH1,2.5199542,6OS1,6UP7
R,2,137,NH2,2.5199542,6OS1,6UP7
A,3,65,NH1,3.4583576,6OS1,6UP7
R,3,140,NH1,3.4583576,6OS1,6UP7
A,4,65,NH1,2.8207595,6OS1,6UP7
R,4,140,NH2,2.8207595,6OS1,6UP7
A,5,65,NH2,3.247173,6OS1,6UP7
R,5,137,NE,3.247173,6OS1,6UP7
A,6,65,NH2,2.3157477,6OS1,6UP7
R,6,137,NH1,2.3157477,6OS1,6UP7
A,7,65,NH2,3.057687,6OS1,6UP7
R,7,137,NH2,3.057687,6OS1,6UP7
A,8,243,O,2.8331895,6OS1,6UP7
R,8,134,SD,2.8331895,6OS1,6UP7
A,9,244,N,2.8683481,6OS1,6UP7
R,9,134,SD,2.8683481,6OS1,6UP7
A,10,244,O,3.1702263,6OS1,6UP7
R,10,134,SD,3.1702263,6OS1,6UP7
A,11,245,N,2.7258034,6OS1,6UP7
R,11,134,SD,2.7258034,6OS1,6UP7
A,0,63,O,3.3892155,6OS2,6TKO
R,0,133,O,3.3892155,6OS2,6TKO
A,1,65,NE,2.5664952,6OS2,6TKO
R,1,137,NE,2.5664952,6OS2,6TKO
A,2,65,NE,3.500773,6OS2,6TKO
R,2,137,NH1,3.500773,6OS2,6TKO
A,3,65,NE,2.5125468,6OS2,6TKO
R,3,137,NH2,2.5125468,6OS2,6TKO
A,4,65,NH1,3.2259681,6OS2,6TKO
R,4,137,NE,3.2259681,6OS2,6TKO
A,5,65,NH1,3.4634352,6OS2,6TKO
R,5,137,NH1,3.4634352,6OS2,6TKO
A,6,65,NH2,3.248002,6OS2,6TKO
R,6,137,NH2,3.248002,6OS2,6TKO
A,7,66,OE2,3.2301404,6OS2,6TKO
R,7,61,OG1,3.2301404,6OS2,6TKO
A,8,68,SG,3.310348,6OS2,6TKO
R,8,1305,O,3.310348,6OS2,6TKO
A,9,69,O,2.8034937,6OS2,6TKO
R,9,1305,O,2.8034937,6OS2,6TKO
A,10,69,O,3.372298,6OS2,6TKO
R,10,1306,N,3.372298,6OS2,6TKO
A,11,69,OD2,2.969732,6OS2,6TKO
R,11,126,NH1,2.969732,6OS2,6TKO
A,12,78,OD2,3.2182913,6OS2,6TKO
R,12,1233,N,3.2182913,6OS2,6TKO
A,13,136,N,2.9291244,6OS2,6TKO
R,13,60,O,2.9291244,6OS2,6TKO
A,14,136,O,3.455743,6OS2,6TKO
R,14,60,O,3.455743,6OS2,6TKO
A,15,136,OG1,3.348703,6OS2,6TKO
R,15,60,O,3.348703,6OS2,6TKO
A,16,249,OH,3.1239963,6OS2,6TKO
R,16,135,N,3.1239963,6OS2,6TKO
A,17,249,OH,2.2131774,6OS2,6TKO
R,17,135,NZ,2.2131774,6OS2,6TKO
A,18,285,NH1,2.9149868,6OS2,6TKO
R,18,137,O,2.9149868,6OS2,6TKO
A,0,69,O,2.8232646,6OS2,6U1N
R,0,126,NH1,2.8232646,6OS2,6U1N
A,1,76,O,3.3248005,6OS2,6U1N
R,1,1233,N,3.3248005,6OS2,6U1N
A,2,249,OH,2.3095515,6OS2,6U1N
R,2,135,N,2.3095515,6OS2,6U1N
A,3,249,OH,2.7889028,6OS2,6U1N
R,3,135,NZ,2.7889028,6OS2,6U1N
A,0,65,NE,2.3924193,6OS2,6UP7
R,0,137,NH1,2.3924193,6OS2,6UP7
A,1,65,NH1,2.9472816,6OS2,6UP7
R,1,137,NE,2.9472816,6OS2,6UP7
A,2,65,NH1,2.4099734,6OS2,6UP7
R,2,137,NH2,2.4099734,6OS2,6UP7
A,3,65,NH1,3.2725215,6OS2,6UP7
R,3,140,NH1,3.2725215,6OS2,6UP7
A,4,65,NH1,2.9711704,6OS2,6UP7
R,4,140,NH2,2.9711704,6OS2,6UP7
A,5,65,NH2,3.081354,6OS2,6UP7
R,5,137,NE,3.081354,6OS2,6UP7
A,6,65,NH2,2.2047746,6OS2,6UP7
R,6,137,NH1,2.2047746,6OS2,6UP7
A,7,65,NH2,2.872462,6OS2,6UP7
R,7,137,NH2,2.872462,6OS2,6UP7
A,8,134,N,3.2981536,6OS2,6UP7
R,8,1311,NH1,3.2981536,6OS2,6UP7
A,9,243,O,2.8790443,6OS2,6UP7
R,9,134,SD,2.8790443,6OS2,6UP7
A,10,244,N,2.8966196,6OS2,6UP7
R,10,134,SD,2.8966196,6OS2,6UP7
A,11,244,O,3.011051,6OS2,6UP7
R,11,134,SD,3.011051,6OS2,6UP7
A,12,245,N,2.5313437,6OS2,6UP7
R,12,134,SD,2.5313437,6OS2,6UP7
A,0,71,N,3.0933764,6OS2,6PWC
R,0,1307,NZ,3.0933764,6OS2,6PWC
