GPCRdb(A),BW,AT1 receptor Human
TM1,,
1x28,1.28,H24
1x29,1.29,N25
1x30,1.30,Y26
1x31,1.31,I27
1x32,1.32,F28
1x33,1.33,V29
1x34,1.34,M30
1x35,1.35,I31
1x36,1.36,P32
1x37,1.37,T33
1x38,1.38,L34
1x39,1.39,Y35
1x40,1.40,S36
1x41,1.41,I37
1x42,1.42,I38
1x43,1.43,F39
1x44,1.44,V40
1x45,1.45,V41
1x46,1.46,G42
1x47,1.47,I43
1x48,1.48,F44
1x49,1.49,G45
1x50,1.50,N46
1x51,1.51,S47
1x52,1.52,L48
1x53,1.53,V49
1x54,1.54,V50
1x55,1.55,I51
1x56,1.56,V52
1x57,1.57,I53
1x58,1.58,Y54
1x59,1.59,F55
1x60,1.60,Y56
ICL1,,
12x48,12.48,M57
12x49,12.49,K58
12x50,12.50,L59
12x51,12.51,K60
TM2,,
2x37,2.37,T61
2x38,2.38,V62
2x39,2.39,A63
2x40,2.40,S64
2x41,2.41,V65
2x42,2.42,F66
2x43,2.43,L67
2x44,2.44,L68
2x45,2.45,N69
2x46,2.46,L70
2x47,2.47,A71
2x48,2.48,L72
2x49,2.49,A73
2x50,2.50,D74
2x51,2.51,L75
2x52,2.52,C76
2x53,2.53,F77
2x54,2.54,L78
2x55,2.55,L79
2x56,2.56,T80
2x57,2.57,L81
2x58,2.58,P82
2x59,2.59,L83
2x60,2.60,W84
2x61,2.61,A85
2x62,2.62,V86
2x63,2.63,Y87
2x64,2.64,T88
2x65,2.65,A89
2x66,2.66,M90
2x67,2.67,E91
ECL1,,
23x49,23.49,R93
23x50,23.50,W94
23x51,23.51,P95
23x52,23.52,F96
TM3,,
3x21,3.21,G97
3x22,3.22,N98
3x23,3.23,Y99
3x24,3.24,L100
3x25,3.25,C101
3x26,3.26,K102
3x27,3.27,I103
3x28,3.28,A104
3x29,3.29,S105
3x30,3.30,A106
3x31,3.31,S107
3x32,3.32,V108
3x33,3.33,S109
3x34,3.34,F110
3x35,3.35,N111
3x36,3.36,L112
3x37,3.37,Y113
3x38,3.38,A114
3x39,3.39,S115
3x40,3.40,V116
3x41,3.41,F117
3x42,3.42,L118
3x43,3.43,L119
3x44,3.44,T120
3x45,3.45,C121
3x46,3.46,L122
3x47,3.47,S123
3x48,3.48,I124
3x49,3.49,D125
3x50,3.50,R126
3x51,3.51,Y127
3x52,3.52,L128
3x53,3.53,A129
3x54,3.54,I130
3x55,3.55,V131
3x56,3.56,H132
ICL2,,
34x50,34.50,P133
34x51,34.51,M134
34x52,34.52,K135
34x53,34.53,S136
34x54,34.54,R137
34x55,34.55,L138
34x56,34.56,R139
34x57,34.57,R140
TM4,,
4x38,4.38,T141
4x39,4.39,M142
4x40,4.40,L143
4x41,4.41,V144
4x42,4.42,A145
4x43,4.43,K146
4x44,4.44,V147
4x45,4.45,T148
4x46,4.46,C149
4x47,4.47,I150
4x48,4.48,I151
4x49,4.49,I152
4x50,4.50,W153
4x51,4.51,L154
4x52,4.52,L155
4x53,4.53,A156
4x54,4.54,G157
4x55,4.55,L158
4x56,4.56,A159
4x57,4.57,S160
4x59,4.58,L161
4x60,4.59,P162
4x61,4.60,A163
4x62,4.61,I164
4x63,4.62,I165
4x64,4.63,H166
4x65,4.64,R167
ECL2,,
45x50,45.50,C180
45x51,45.51,A181
45x52,45.52,F182
TM5,,
5x35,5.34,L191
5x36,5.35,P192
5x37,5.36,I193
5x38,5.37,G194
5x39,5.38,L195
5x40,5.39,G196
5x41,5.40,L197
5x42,5.41,T198
5x43,5.42,K199
5x44,5.43,N200
5x45,5.44,I201
5x46,5.45,L202
5x461,5.46,G203
5x47,5.47,F204
5x48,5.48,L205
5x49,5.49,F206
5x50,5.50,P207
5x51,5.51,F208
5x52,5.52,L209
5x53,5.53,I210
5x54,5.54,I211
5x55,5.55,L212
5x56,5.56,T213
5x57,5.57,S214
5x58,5.58,Y215
5x59,5.59,T216
5x60,5.60,L217
5x61,5.61,I218
5x62,5.62,W219
5x63,5.63,K220
5x64,5.64,A221
5x65,5.65,L222
5x66,5.66,K223
5x67,5.67,K224
5x68,5.68,A225
TM6,,
6x28,6.28,P233
6x29,6.29,R234
6x30,6.30,N235
6x31,6.31,D236
6x32,6.32,D237
6x33,6.33,I238
6x34,6.34,F239
6x35,6.35,K240
6x36,6.36,I241
6x37,6.37,I242
6x38,6.38,M243
6x39,6.39,A244
6x40,6.40,I245
6x41,6.41,V246
6x42,6.42,L247
6x43,6.43,F248
6x44,6.44,F249
6x45,6.45,F250
6x46,6.46,F251
6x47,6.47,S252
6x48,6.48,W253
6x49,6.49,I254
6x50,6.50,P255
6x51,6.51,H256
6x52,6.52,Q257
6x53,6.53,I258
6x54,6.54,F259
6x55,6.55,T260
6x56,6.56,F261
6x57,6.57,L262
6x58,6.58,D263
6x59,6.59,V264
6x60,6.60,L265
6x61,6.61,I266
6x62,6.62,Q267
6x63,6.63,L268
6x64,6.64,G269
TM7,,
7x23,7.24,D273
7x24,7.25,C274
7x25,7.26,R275
7x26,7.27,I276
7x27,7.28,A277
7x28,7.29,D278
7x29,7.30,I279
7x30,7.31,V280
7x31,7.32,D281
7x32,7.33,T282
7x33,7.34,A283
7x34,7.35,M284
7x35,7.36,P285
7x36,7.37,I286
7x37,7.38,T287
7x38,7.39,I288
7x39,7.40,C289
7x40,7.41,I290
7x41,7.42,A291
7x42,7.43,Y292
7x43,7.44,F293
7x45,7.45,N294
7x46,7.46,N295
7x47,7.47,C296
7x48,7.48,L297
7x49,7.49,N298
7x50,7.50,P299
7x51,7.51,L300
7x52,7.52,F301
7x53,7.53,Y302
7x54,7.54,G303
7x55,7.55,F304
7x56,7.56,L305
H8,,
8x47,8.47,G306
8x48,8.48,K307
8x49,8.49,K308
8x50,8.50,F309
8x51,8.51,K310
8x52,8.52,R311
8x53,8.53,Y312
8x54,8.54,F313
8x55,8.55,L314
8x56,8.56,Q315
8x57,8.57,L316
8x58,8.58,L317
8x59,8.59,K318
8x60,8.60,Y319
8x61,8.61,I320
